Cross-sectional area,90-degree ampacity
5.46E-06,66.51020408
6.55E-06,119.0163934
7.65E-06,150.533
8.74E-06,174.177
9.83E-06,211.321
1.09E-05,172.457
